Step,Training loss,Reward,Reward std,Completion length,Kullback-Leibler divergence 
1,0,0.021,0.051439,105.166672,0
2,0,0.021,0.051439,232.833344,0
3,0,0,0,263.666687,0.000519
4,0,0.068833,0.076479,96.5,0.000627
5,0,0,0,210.5,0.000493
6,0,-0.037833,0.129257,278.833344,0.000479
7,0,0.083333,0.204124,205.333344,0.000566
8,0,-0.006,0.08023,237.166672,0.00051
9,0,-0.060833,0.149011,162.333344,0.00083
10,0,-0.0505,0.131693,225.166672,0.000593
11,0,-0.036833,0.192641,337.333344,0.000408
12,0,0.0205,0.050215,343.333344,0.000544
13,0,0.021,0.051439,223,0.000401
14,0,0,0,163.666672,0.000446
15,0,0.020833,0.051031,363.333344,0.000637
16,0,0,0,329.333344,0.000436
17,0,0.041333,0.064046,134.166672,0.000595
18,0,0.033,0.080833,312.166687,0.000618
19,0,0.021,0.051439,399.166687,0.000533
20,0,0.3825,0.93693,248.5,0.000697
21,0,0.475167,0.996825,212.5,0.000358
22,0,-0.331667,0.515408,354.333344,0.000592
23,0,-0.007833,0.019188,234.333344,0.000477
24,0,0.041667,0.06455,430.5,0.000394
25,0,0.374167,1.077317,207.333344,0.000429
26,0,-0.0025,0.006124,294.666687,0.000562
27,0,-0.023667,0.116644,236.333344,0.00046
28,0,0.006167,0.072747,213.666672,0.000565
29,0,0.478333,0.988421,246.833344,0.000371
30,0,0.289,1.05074,351.5,0.000407
31,0,0.116667,0.195212,136.333344,0.00056
32,0,0.007667,0.120974,173.333344,0.000527
33,0,-0.137167,0.469806,270.666687,0.000823
34,0,0.021,0.051439,152.833344,0.000613
35,0,0,0,151.833344,0.000556
36,0,0.146167,0.18395,320.333344,0.00054
37,0,-0.039167,0.095938,199,0.000431
38,0,-0.005333,0.221805,227.833344,0.000539
39,0,0.015667,0.131284,185.166672,0.000642
40,0,0.045667,0.07138,209.666672,0.000643
41,0,0.410833,1.039501,137.666672,0.000704
42,0,-0.082667,0.193798,262.333344,0.000672
43,0,0.117833,0.233614,183.833344,0.000602
44,0,0.418167,1.024295,323.5,0.000599
45,0,0,0,313.5,0.000499
46,0,0.022833,0.077158,91.166672,0.000604
47,0,0.0935,0.086523,138,0.000518
48,0,0.021,0.051439,297.666687,0.000383
49,0,0.03,0.051753,270.5,0.000343
50,0,0.3755,0.798718,271.166687,0.000345
51,0,0.021,0.051439,191,0.000554
52,0,0.0405,0.103173,251.166672,0.000664
53,0,0,0,347.666687,0.000634
54,0,0.084,0.065066,224.333344,0.000437
55,0,-0.006333,0.111744,190.166672,0.00035
56,0,0.021,0.051439,328.666687,0.000449
57,0,0.447167,1.008639,159.333344,0.000502
58,0,0.8465,1.263569,226.5,0.000905
59,0,0.4325,0.938456,215.166672,0.000731
60,0,-0.224167,0.549094,288,0.000711
61,0,0,0,242.833344,0.000851
62,0,0.009667,0.023678,288.833344,0.000557
63,0,0,0,308.666687,0.000558
64,0,0.3125,0.765466,329.833344,0.000435
65,0,0.559333,0.981628,206.833344,0.000877
66,0,0.435667,1.067161,156.666672,0.000593
67,0,0.020833,0.051031,422.333344,0.000591
68,0,0.021,0.051439,341.166687,0.000506
69,0,0.438167,1.012812,162,0.000504
70,0,0.083667,0.102471,352.166687,0.000773
71,0,-0.007667,0.155051,281,0.000676
72,0,0.3255,0.797309,276.666687,0.000752
73,0,0.092,0.262743,189.166672,0.001047
74,0,0.021,0.051439,245.5,0.00054
75,0,0.0705,0.172689,267.166687,0.000633
76,0,0.050333,0.082376,300.833344,0.000701
77,0,0.0125,0.030619,291.166687,0.000751
78,0,0.035167,0.059674,130.666672,0.000928
79,0.0001,0.907833,1.357852,107.666672,0.001437
80,0,0.454333,0.929755,288.166687,0.000606
81,0,0.458167,0.94791,295.166687,0.000795
82,0,0.950333,1.274332,161.166672,0.00087
83,0,-0.016333,0.113535,257.666687,0.000922
84,0,0.717667,1.351253,173.333344,0.001187
85,0,0,0,267.5,0.00086
86,0,0.1045,0.188538,307.166687,0.000746
87,0.0001,-0.008667,0.113706,230.333344,0.001573
88,0,0.021,0.051439,452,0.001017
89,0.0001,1.353,1.393332,132.666672,0.002484
90,0.0001,0.021333,0.125264,321.833344,0.001681
91,0.0001,0.050667,0.116754,247.666672,0.00164
92,0,0.021,0.051439,378.166687,0.000786
93,0.0001,0.091333,0.094825,156.166672,0.001658
94,0.0003,0.126,0,100.333336,0.004215
95,0.0001,0.419833,1.02174,121.333336,0.003343
96,0.0001,0.336667,0.948699,317.166687,0.002308
97,0.0001,0.0675,0.125424,356.5,0.002415
98,0.0001,0.0485,0.121284,153.666672,0.00371
99,0.0002,0.087167,0.109183,196.166672,0.00398
100,0.0001,0.1065,0.150991,216.833344,0.00312
101,0.0001,0.083667,0.059453,249.333344,0.003023
102,0.0001,0.046833,0.105625,125.333336,0.002559
103,0,-0.073,0.245202,460.5,0.001024
104,0.0001,0.485333,1.067152,170.333344,0.00225
105,0.0001,0.030833,0.049495,198.5,0.002794
106,0.0001,0.4935,1.029046,296.166687,0.002636
107,0.0001,-0.016167,0.062477,246.5,0.001813
108,0.0002,0.099333,0.094021,198,0.004188
109,0.0003,0.5205,1.067258,122,0.006949
110,0.0001,0.042,0.065066,276,0.002085
111,0.0001,0.526167,1.013077,238.333344,0.003433
112,0.0004,0.051333,0.117222,137.666672,0.010027
113,0.0001,0.487833,0.865208,246,0.002642
114,0.0001,-0.040167,0.167273,362,0.002172
115,0.0001,0.461667,1.009283,208.833344,0.002614
116,0.0002,0.054167,0.062413,242.666672,0.004385
117,0.0002,0,0,168.666672,0.004996
118,0.0001,0.0135,0.202122,237,0.003361
119,0.0004,0.828833,1.141566,310.333344,0.010604
120,0.0001,-0.4555,0.957951,491.333344,0.002265
121,0.0002,0.062833,0.105061,161.833344,0.00403
122,0.0001,0.031167,0.076342,424.166687,0.003051
123,0.0003,-0.002333,0.163214,293.333344,0.008358
124,0.0006,0.891667,1.249166,148.333344,0.014294
125,0.0001,0.046333,0.15108,243.5,0.003542
126,0.0003,0.075,0.06009,198.833344,0.006704
127,0.0003,0.038,0.059279,161.833344,0.006909
128,0.0006,0.0005,0.11268,196.666672,0.014239
129,0.0004,1.3215,1.456024,178.666672,0.009933
130,0.0007,0.922333,1.338738,81.333336,0.016904
131,0.0001,-0.0735,0.324915,400.166687,0.003566
132,0.0002,0.069333,0.092947,310.5,0.005236
133,0.0002,0.129333,0.2012,234.5,0.004463
134,0.0003,-0.131,0.419721,272,0.006711
135,0.0004,0.198,0.355729,299.666687,0.009283
136,0.0005,0.0005,0.078112,227.166672,0.01215
137,0.0002,0.152,0.198303,320.5,0.005693
138,0.0002,0,0,266.166687,0.004876
139,0.0003,-0.071667,0.297783,245.333344,0.008113
140,0.0004,0.685167,0.947003,294.333344,0.009444
141,0.0005,0.0875,0.08403,170.166672,0.011732
142,0.0004,0.913333,1.221129,207.666672,0.010194
143,0.0005,0.523,0.941407,148.5,0.013267
144,0.001,0.697333,0.950596,270,0.025069
145,0.0008,0.0095,0.124701,217.833344,0.018995
146,0.0002,0.1015,0.178875,340.666687,0.004827
147,0.0005,0.404833,1.281746,190,0.012905
148,0.0003,0.121333,0.170411,287.166687,0.007585
149,0.0008,0.516833,0.899392,154.5,0.019079
150,0.0007,0.822667,1.173091,298.5,0.017971
151,0.0008,0.214667,0.293382,202.166672,0.021151
152,0.0003,0.349833,0.946657,296,0.008258
153,0.0007,0.166667,0.222385,133.333344,0.016684
154,0.0016,1.363667,1.454048,141,0.03918
155,0.0005,0.1315,0.208419,288.5,0.012136
156,0.001,0.0755,0.134234,185,0.024674
157,0.0012,0.294167,0.26898,145.166672,0.030336
158,0.0009,1.840667,1.255222,128.833344,0.023331
159,0.0015,0.026333,0.167235,177.333344,0.036323
160,0.0099,1.351167,1.37966,88.333336,0.247084
161,0.0008,1.107833,1.191562,174.166672,0.019617
162,0.0008,0.078167,0.212794,218.333344,0.019781
163,0.0006,0.003,0.139592,298,0.015634
164,0.0007,0.360667,0.318126,184.833344,0.016977
165,0.0023,1.005833,1.139038,216.833344,0.057239
166,0.0009,1.207,1.35094,214.666672,0.021561
167,0.0006,0.497833,0.895168,225.333344,0.014055
168,0.0007,1.2895,1.369958,204.5,0.017929
169,0.001,0.361,0.423436,218.833344,0.025823
170,0.0011,0.551,1.039571,159,0.026908
171,0.0017,1.328833,1.374959,156.333344,0.042263
172,0.0006,0.1055,0.051783,442.333344,0.014276
173,0.002,1.686333,1.318357,154.333344,0.050783
174,0.0012,1.750167,1.136257,223,0.031084
175,0.0046,1.0555,1.170142,150.5,0.115241
176,0.0023,1.3475,1.388745,191.666672,0.058266
177,0.0015,0.4955,1.412845,224.666672,0.03683
178,0.0022,2.3395,0.95808,99.833336,0.055409
179,0.0015,1.713667,1.292063,126.333336,0.03723
180,0.0009,0.168,0.441634,275,0.023668
181,0.0007,0.349,1.037257,347,0.01762
182,0.0024,2.366,0.794203,147.333344,0.059993
183,0.0006,-0.145333,0.763304,457,0.01459
184,0.0008,1.503834,1.190802,230.666672,0.01931
185,0.0012,1.084667,1.075638,165.666672,0.030261
186,0.0004,2.143834,0.982948,179,0.010018
187,0.0026,1.792,1.240721,126.166672,0.064199
188,0.0016,0.401667,0.327009,203.666672,0.039779
189,0.0009,0.235667,0.152986,389.833344,0.02247
190,0.0005,0.678,0.919712,324,0.01312
191,0.0009,0.172167,0.239093,188,0.022609
192,0.0013,0.035,0.097765,195.666672,0.031259
193,0.0092,1.280667,1.161598,110.166672,0.229313
194,0.002,1.893167,1.277603,114.833336,0.049659
195,0.0014,1.5165,1.371512,226.333344,0.034262
196,0.0097,1.722,1.363027,183.833344,0.242009
197,0.0018,2.274167,0.353623,241.666672,0.043947
198,0.0023,0.799833,1.607816,230.666672,0.056737
199,0.0013,1.397667,1.012305,118.666672,0.031517
200,0.0013,0.055333,0.072102,311.666687,0.032104
201,0.011,0.385333,0.885448,226.833344,0.274363
202,0.0012,2.208833,0.771217,197,0.030054
203,0.0007,0.459167,1.01884,327.833344,0.016479
204,0.0014,2.5235,0.087637,203.5,0.035399
205,0.0006,1.393833,1.08937,237,0.01542
206,0.0012,1.795833,1.415693,174.666672,0.028955
207,0.0012,2.576667,0.170771,180.333344,0.029699
208,0.003,2.38,0.853502,87.666672,0.075391
209,0.0014,0.040167,0.111106,189.166672,0.033861
210,0.0008,1.2465,1.365837,196.5,0.020186
211,0.0012,1.383833,1.367906,175.833344,0.030105
212,0.0006,0.060667,0.066578,328.666687,0.014201
213,0.0009,0.4455,0.944457,198,0.023212
214,0.0009,0.429,1.255625,323.166687,0.022468
215,0.0018,2.250167,1.103403,93.166672,0.045091
216,0.002,0.1275,0.220854,225.333344,0.050813
217,0.0009,0.425667,0.253789,180.666672,0.023021
218,0.0008,0.057667,0.276804,300.5,0.021183
219,0.0006,0.126167,0.252801,322.833344,0.016209
220,0.0005,0.494833,0.96145,274.5,0.012027
221,0.0006,0.247667,0.197784,259.5,0.016193
222,0.0011,0.1495,0.130742,265.833344,0.027617
223,0.0012,1.011333,1.21994,187.666672,0.028814
224,0.0007,0.5555,1.040896,308,0.017475
225,0.0009,1.355167,1.217239,188.666672,0.022166
226,0.0012,0.793333,0.955964,241.166672,0.02939
227,0.0015,0.063333,0.521502,258.333344,0.037363
228,0.0007,1.185667,1.259225,322.5,0.017136
229,0.0018,0.205,0.372517,176.666672,0.044085
230,0.0015,0.558667,1.10389,183.333344,0.036507
231,0.0008,1.762167,1.297574,241.333344,0.020986
232,0.0009,2.2925,1.068807,159.5,0.022833
233,0.001,0.2655,0.328866,312.5,0.026156
234,0.0062,1.074833,1.249876,125.666672,0.153758
235,0.0009,2.435833,0.822813,109.166672,0.022715
236,0.0012,0.976667,0.824482,157.333344,0.030534
237,0.0022,2.360333,0.764177,115.666672,0.056235
238,0.0019,1.123333,1.170676,158.5,0.048533
239,0.0012,0.234,0.280614,282.333344,0.030434
240,0.0017,0.5215,1.113036,213.5,0.042305
241,0.0034,0.043,0.104278,184.666672,0.084625
242,0.0005,0.835,0.942553,221,0.013706
243,0.0013,0.778,1.377392,366.833344,0.03139
244,0.001,1.820833,1.293813,183.833344,0.025181
245,0.0012,0.7475,0.91872,220.833344,0.030864
246,0.0013,1.591167,1.222481,269,0.032643
247,0.0021,2.295667,1.065598,111.333336,0.052348
248,0.0029,0.495333,0.293069,206.5,0.071406
249,0.0014,1.085333,1.156103,205.333344,0.034372
250,0.0021,1.012,1.221059,165.666672,0.052281
251,0.0012,0.379,0.243651,229.333344,0.028977
252,0.0017,2.298167,0.917509,127.666672,0.04231
253,0.004,1.783,1.273398,100.833336,0.100746
254,0.001,0.3125,0.262576,287.333344,0.025851
255,0.0009,0.474167,0.92549,375.333344,0.022135
256,0.0009,0.5455,1.069227,300.333344,0.022168
257,0.0034,1.285667,1.058429,159.166672,0.08524
258,0.0006,0.4065,0.200369,197.333344,0.015359
259,0.0015,0.813,0.806352,179.5,0.036968
260,0.0013,0.305,0.284944,250.166672,0.031559
261,0.0024,1.499667,1.250193,234.166672,0.059305
262,0.0033,0.3265,1.157458,222.666672,0.083046
263,0.0015,2.299667,0.876544,152,0.036405
264,0.002,1.642333,1.227943,105,0.049933
265,0.0015,0.854167,0.898753,216.666672,0.038092
266,0.0023,0.451,0.272071,219.666672,0.058103
267,0.0023,0.741833,0.951066,181.5,0.058343
268,0.0027,0.894333,0.843582,190.833344,0.068372
269,0.0021,1.019,1.244487,191.5,0.051983
270,0.0016,1.127333,1.2591,197.833344,0.040611
271,0.0012,2.179,0.764301,194.333344,0.029291
272,0.002,0.695333,0.93367,181.5,0.050564
273,0.0006,0.768,0.757934,226.5,0.015489
274,0.0017,0.0945,0.361643,239.166672,0.041729
275,0.0014,2.274,0.796292,136.5,0.034056
276,0.0032,1.417333,1.169772,187.833344,0.079728
277,0.0018,0.107833,0.148056,266,0.045414
278,0.0008,0.989333,1.190467,309.5,0.021201
279,0.0005,0.777333,0.92336,235.5,0.012757
280,0.0008,0.5485,0.088469,209.666672,0.020371
281,0.0011,0.351833,1.164046,355,0.026765
282,0.0031,1.779834,1.119981,111.666672,0.077164
283,0.0012,0.426833,0.264091,245.666672,0.029532
284,0.0015,0.414833,0.358899,313.333344,0.036578
285,0.0028,1.857667,1.278121,111.333336,0.070451
286,0.0019,0.297333,0.26891,210.5,0.046508
287,0.001,0.498,0.151126,194,0.026229
288,0.0008,1.5065,1.121273,378.666687,0.019347
289,0.0012,0.125333,0.158427,198.5,0.030214
290,0.0017,1.6755,1.149043,202.666672,0.043267
291,0.002,0.3515,0.144165,259.666687,0.049788
292,0.0023,1.5575,1.024107,174.833344,0.05749
293,0.001,-0.303833,1.269616,406.833344,0.024155
294,0.0013,1.409167,1.319275,256.666687,0.033523
295,0.0011,0.7745,0.888306,225.833344,0.026621
296,0.0054,0.866167,1.307201,181.333344,0.133895
297,0.0032,-0.015167,1.223855,262.5,0.079251
298,0.0008,0.166,0.169222,464,0.019109
299,0.0019,0.630833,0.157322,137,0.046367
300,0.0017,0.842667,0.895239,228.166672,0.042336
301,0.0021,1.589333,1.007383,123.166672,0.053158
302,0.0016,0.581667,1.015771,232.333344,0.03912
303,0.0016,1.477833,1.222645,218.166672,0.039313
304,0.0014,0.720167,0.920545,314.833344,0.03425
305,0.0031,1.32,1.198349,272.5,0.078329
306,0.0018,1.0265,1.079063,267.666687,0.045858
307,0.002,0.672667,0.784346,326.666687,0.050675
308,0.002,1.382833,1.185117,223.166672,0.049165
309,0.0016,1.467167,1.114238,224.666672,0.040559
310,0.0018,1.419167,1.380626,163.5,0.045113
311,0.0021,0.949333,1.133088,217.666672,0.052574
312,0.0014,0.318167,0.365425,242.166672,0.03503
313,0.0045,1.430833,1.182893,164,0.112185
314,0.0028,1.653167,1.148922,118.166672,0.07035
315,0.0014,0.668,0.815494,330.5,0.035006
316,0.0022,2.572834,0.100047,157,0.056032
317,0.0012,0.262,0.265738,338.833344,0.030817
318,0.0015,0.9405,1.191632,350.333344,0.036817
319,0.0031,1.933333,1.158788,101.166672,0.077566
320,0.0022,0.079833,0.106826,281.166687,0.054417
321,0.0019,2.530167,0.180819,170.666672,0.048494
322,0.002,0.4055,0.250377,234.333344,0.049915
323,0.0019,1.611,1.065151,137.666672,0.046334
324,0.002,0.558167,1.061293,246.166672,0.050061
325,0.0026,2.224167,0.928228,166,0.064237
326,0.0016,0.2275,0.345825,214,0.039752
327,0.0018,0.4485,0.370295,192,0.045633
328,0.0018,0.957,0.900316,146.5,0.046121
329,0.0019,2.655833,0.113951,148.5,0.048688
330,0.0026,0.363167,0.319818,232.833344,0.064181
331,0.0021,2.020667,1.08641,133.166672,0.051283
332,0.0018,1.182333,1.191927,244.833344,0.045845
333,0.0014,2.217333,1.037973,215.5,0.034204
334,0.0029,2.56,0.04269,149.166672,0.072068
335,0.0022,2.724667,0.088242,92.666672,0.054891
336,0.003,2.724,0.048179,127.166672,0.073787
337,0.0015,0.0715,0.1928,451.333344,0.036929
338,0.0025,1.112167,1.124822,180.5,0.062707
339,0.0017,-0.129833,0.50862,325,0.043203
340,0.0024,2.370167,0.744726,115,0.059739
341,0.0014,-0.424833,0.661615,495.666687,0.035334
342,0.0019,1.432,1.297616,266.166687,0.048153
343,0.0016,0.684667,1.005793,295,0.038901
344,0.0011,1.752833,1.314357,294.833344,0.028333
345,0.0022,2.721667,0.081853,94.5,0.054765
346,0.0022,0.7215,0.965882,238.666672,0.055882
347,0.002,1.552,1.173587,232.166672,0.049214
348,0.0012,0.0405,0.206982,481.5,0.029824
349,0.003,2.300333,1.137274,105.666672,0.074579
350,0.0013,0.26,0.215783,402.666687,0.031913
351,0.0023,2.0735,1.328396,149.5,0.057752
352,0.0016,1.432833,1.114968,232.166672,0.040191
353,0.0032,1.23,1.080379,170.333344,0.079268
354,0.0016,0.605833,0.936911,393.5,0.039526
355,0.0063,2.017334,1.131424,79.5,0.156504
356,0.0023,1.840833,1.331555,261.333344,0.057614
357,0.0014,0.159667,0.084916,470.666687,0.03406
358,0.0044,2.425167,0.793579,94.333336,0.109893
359,0.0039,2.404333,0.864004,94.833336,0.097416
360,0.0035,1.122667,1.148936,184.666672,0.088691
361,0.0044,1.513667,1.30817,154.333344,0.109648
362,0.0023,2.757167,0.072397,115.333336,0.058202
363,0.0029,1.122333,1.188584,287.166687,0.071425
364,0.002,1.480167,1.307414,248.166672,0.050842
365,0.0032,2.4225,0.850163,93.166672,0.080009
366,0.0018,0.268167,0.188093,365.666687,0.045236
367,0.0018,1.2365,1.112139,171.833344,0.044269
368,0.0024,1.949167,1.588217,218.5,0.059922
369,0.0022,0.6595,0.054021,139,0.055913
370,0.0048,1.234333,1.224573,117,0.120927
371,0.0026,2.402,0.836601,113.833336,0.065499
372,0.0027,1.928667,1.235273,111,0.06854
373,0.002,-0.532833,1.467848,461.5,0.048854
374,0.006,2.382,0.793466,110.333336,0.149554
375,0.0016,1.585,1.141601,204.5,0.040423
376,0.0032,1.554667,1.246481,192.833344,0.079846
377,0.0014,1.0985,1.153599,292.833344,0.034989
378,0.002,1.479667,1.23612,210.833344,0.049396
379,0.0016,0.1705,0.18343,419.833344,0.039685
380,0.0005,1.060667,0.986913,274.166687,0.011481
381,0.0018,0.280667,0.426375,234.833344,0.044487
382,0.0033,2.704,0.053766,127.333336,0.082698
383,0.0022,1.933,0.993009,170,0.054045
384,0.0021,1.935833,1.134875,147.666672,0.052364
385,0.0018,0.461833,1.962474,360.666687,0.045537
386,0.0014,0.693167,0.913502,349.333344,0.035904
387,0.0021,0.739,0.768973,258.333344,0.051341
388,0.0017,1.409,1.346676,310.333344,0.043073
389,0.001,0.101,0.058788,425.833344,0.024725
390,0.0024,1.382167,1.248595,234.5,0.059849
391,0.0017,2.561167,0.060704,154,0.042812
392,0.0065,1.794333,1.123131,257.666687,0.161419
393,0.0023,2.230667,1.037728,199.833344,0.057708
394,0.0024,2.194833,1.022996,227.333344,0.060985
395,0.0027,2.152833,1.063309,161.833344,0.066264
396,0.0018,0.1825,0.140846,463,0.045446
397,0.0028,0.270167,0.207051,198,0.07016
398,0.0019,2.639,0.080372,159.666672,0.046677
399,0.0023,0.467333,0.271575,258.5,0.056497
400,0.0017,0.072333,0.339776,393.333344,0.041629
401,0.0021,0.443333,1.087452,254.333344,0.053343
402,0.0021,1.788333,1.295537,270.166687,0.052093
403,0.0018,-0.343667,0.788823,389.166687,0.043893
404,0.0032,0.484167,0.335729,235.166672,0.079083
405,0.002,0.634,0.862309,340.833344,0.049644
406,0.0033,2.244333,1.017367,121.166672,0.081753
407,0.0039,0.987833,1.021203,138.833344,0.098031
408,0.0021,0.267333,0.183182,351.666687,0.052374
409,0.0019,0.464,0.829887,403,0.047035
410,0.0033,2.709,0.084645,116.5,0.082447
411,0.0031,0.779667,0.964522,191.5,0.077946
412,0.0032,2.261,0.783436,149.833344,0.079698
413,0.0048,1.448833,1.018296,88.833336,0.1193
414,0.0041,0.574667,1.060261,165.166672,0.102334
415,0.002,1.547667,1.158859,208,0.049863
416,0.0027,2.345167,0.893953,119.666672,0.067775
417,0.0039,0.362333,0.361161,259.666687,0.097452
418,0.0032,0.700833,0.043737,101.166672,0.079343
419,0.0031,0.242833,0.249165,198.166672,0.076983
420,0.0021,1.5655,1.204238,213.333344,0.052029
421,0.0249,1.038833,1.352819,240.666672,0.623209
422,0.0039,0.212,0.282863,275,0.097844
423,0.0026,2.319,0.996262,189.833344,0.064799
424,0.004,2.7825,0.066123,85.166672,0.09898
425,0.0028,1.306667,1.059098,139.166672,0.069854
426,0.0024,0.084333,0.112655,273.666687,0.058784
427,0.0016,2.708833,0.071948,118.333336,0.040523
428,0.0029,2.623333,0.175325,141.833344,0.073575
429,0.0027,0.895667,0.955535,211.666672,0.068483
430,0.0021,0.377667,0.221329,279.333344,0.051364
431,0.0028,1.934667,1.187964,149.166672,0.069078
432,0.0022,1.986833,1.063278,154.833344,0.055152
433,0.0476,1.999,1.15047,107.666672,1.190752
434,0.0033,2.379833,0.821581,134.333344,0.081553
435,0.0033,2.727167,0.060085,125.5,0.083513
436,0.0026,0.2435,0.303638,286.166687,0.065092
437,0.0021,0.436167,0.31479,277,0.053515
438,0.0051,0.5295,0.323512,243.833344,0.127623
439,0.0051,1.697,1.148459,146,0.1268
440,0.0024,1.000167,0.849185,149.333344,0.059164
441,0.0021,1.111833,1.217324,286,0.053401
442,0.0033,1.7025,1.158832,125.166672,0.081495
443,0.0033,2.552833,0.121892,177.166672,0.081638
444,0.0017,0.551667,0.210993,216.5,0.042176
445,0.0041,2.149,1.027044,93.333336,0.103001
446,0.0399,2.300167,1.129276,93.333336,0.996392
447,0.0047,2.3445,0.810509,134.166672,0.116914
448,0.0037,0.808667,1.000232,243.166672,0.093099
449,0.0027,1.411667,1.270425,288.5,0.068673
450,0.003,1.947167,1.238655,190.166672,0.075167
451,0.0027,0.2705,1.411727,443.833344,0.068101
452,0.0031,0.805333,0.964411,217.5,0.077784
453,0.0025,0.273167,0.23371,405,0.061337
454,0.0055,2.2935,1.06368,166.5,0.138567
455,0.0042,0.875667,1.654896,246.166672,0.103904
456,0.0025,0.4175,0.375049,316.5,0.06301
457,0.0029,0.437333,0.279762,296.333344,0.072932
458,0.0037,1.970833,1.023957,149.833344,0.092006
459,0.0026,0.608833,1.06416,320.833344,0.064815
460,0.0021,0.357167,0.27128,291,0.053181
461,0.0029,2.6465,0.072241,154.166672,0.071449
462,0.0031,0.572667,0.996285,402,0.07676
463,0.0051,0.292833,0.288365,268.166687,0.127222
464,0.0035,1.653667,1.110578,140,0.088127
465,0.0025,1.974167,1.017743,149,0.062398
466,0.0044,0.977167,1.195984,247.166672,0.109767
467,0.0038,2.7685,0.036523,110,0.094365
468,0.0041,0.845167,0.882745,140,0.10183
469,0.0022,0.282667,0.410338,223.333344,0.054127
470,0.0019,0.565167,0.897573,333.5,0.046713
471,0.0039,1.209333,1.238739,193.166672,0.097919
472,0.0023,0.708333,0.983289,275,0.058109
473,0.0034,1.248333,1.141227,194.166672,0.085033
474,0.0029,0.3015,0.198232,367.166687,0.073597
475,0.0052,1.649333,1.189119,151.5,0.130455
476,0.0034,1.599333,1.242945,152.666672,0.085984
477,0.0029,1.637333,1.209371,157,0.071403
478,0.0039,2.369667,0.771655,117.5,0.096564
479,0.0029,1.833833,1.375612,257,0.072097
480,0.0039,0.973667,1.233567,176.333344,0.097809
481,0.003,2.636167,0.075176,128.666672,0.075748
482,0.0034,0.502333,1.077248,241.333344,0.085709
483,0.0054,2.038833,1.015055,117.5,0.135007
484,0.0077,0.3685,0.403718,254,0.191533
485,0.0031,2.019833,1.046786,153.333344,0.076776
486,0.0024,0.537167,0.215672,196.333344,0.058821
487,0.0029,1.631,1.120794,161,0.072819
488,0.0029,0.564,0.280139,233.166672,0.073487
489,0.0034,1.457,1.316112,216.333344,0.084459
490,0.0042,2.745667,0.037103,108,0.106055
491,0.0033,1.764333,1.422977,230.333344,0.081438
492,0.0031,1.640667,1.157525,167,0.078526
493,0.0059,2.464667,0.887623,79.5,0.147727
494,0.0039,0.761333,0.062717,113.666672,0.097338
495,0.0032,2.356,0.903546,130.5,0.079362
496,0.0025,1.903167,1.201014,217.666672,0.063457
497,0.0025,1.509833,1.966412,218.166672,0.062313
498,0.0026,0.6135,0.052034,169.666672,0.065605
499,0.0033,1.463833,1.28375,279.166687,0.082033
500,0.0025,1.233167,1.166384,217.833344,0.063664
501,0.0054,2.422,0.787202,101.166672,0.135691
502,0.0048,1.159167,1.130359,244.5,0.11998
503,0.0029,0.721833,2.547496,299.833344,0.072742
504,0.0021,0.9235,0.843229,184.166672,0.053691
505,0.0035,1.886833,1.217016,221.166672,0.088634
506,0.0026,0.399833,0.27455,274.333344,0.064562
507,0.0034,1.184333,1.205154,252.5,0.084168
508,0.004,2.244,0.942734,160.333344,0.101248
509,0.0034,1.6975,1.114938,140.5,0.085599
510,0.0091,1.844167,1.168266,175.5,0.227714
511,0.0025,1.1385,1.041303,262.833344,0.062611
512,0.0052,2.802834,0.040112,87.5,0.130832
513,0.0035,0.592,0.111238,185.666672,0.08633
514,0.0038,0.834,0.928864,245.833344,0.095888
515,0.0027,1.591667,1.084555,179,0.068433
516,0.0043,0.815333,0.951155,271.333344,0.107076
517,0.0028,0.916833,0.804161,197,0.069466
518,0.0047,1.081,1.293274,206.166672,0.116757
519,0.0034,2.716167,0.049801,117.5,0.085155
520,0.0024,0.520333,0.99048,327.833344,0.05935
521,0.0029,0.642,0.944197,253.833344,0.072411
522,0.0031,1.548833,1.198739,210.833344,0.076544
523,0.0028,0.552,0.909956,386.333344,0.07105
524,0.0042,1.584333,1.189892,225,0.104754
525,0.0024,1.822833,1.098646,218.5,0.059285
526,0.0029,0.325,0.287241,263.5,0.07333
527,0.0035,2.427167,0.837864,102.5,0.086428
528,0.003,1.035333,0.796461,136,0.074206
529,0.0072,2.744,0.126252,92.5,0.180307
530,0.0044,1.298333,1.161417,126.666672,0.110314
531,0.0069,2.226,1.029926,201.666672,0.172005
532,0.0028,2.619,0.0822,166.166672,0.06894
533,0.003,2.2965,1.065497,193.333344,0.075864
534,0.0178,0.57,0.638391,427,0.443759
535,0.0053,0.714,1.057258,98.666672,0.131679
536,0.0038,1.597667,1.215528,192.5,0.095177
537,0.0039,1.621667,1.216509,190.333344,0.0984
538,0.0039,2.698833,0.052784,124.166672,0.097601
539,0.0031,0.730333,0.046059,119.833336,0.078409
540,0.0029,0.835167,0.966313,263,0.072734
541,0.0053,2.398167,0.78181,120.833336,0.131977
542,0.0087,2.030833,1.056337,129.666672,0.218006
543,0.0039,0.332833,0.2832,350.166687,0.097031
544,0.004,0.893167,1.007836,235.5,0.101107
545,0.0069,0.807667,0.907891,199.833344,0.171993
546,0.0025,2.0405,1.024702,135.333344,0.062849
547,0.0029,0.074833,0.336462,361.833344,0.073652
548,0.0046,1.947167,1.266913,115,0.115209
549,0.0044,1.906167,1.284714,120.833336,0.111147
550,0.0029,0.763,0.936526,296.666687,0.071483
551,0.0036,0.989167,1.017237,263.833344,0.090473
552,0.0039,2.067,1.103815,111,0.098503
553,0.0032,0.706667,0.98812,348.666687,0.080209
554,0.0136,2.760667,0.064782,78.5,0.341252
555,0.0026,1.825333,1.249574,171.166672,0.065566
556,0.0035,2.078,1.001427,109.833336,0.087319
557,0.0077,2.340667,0.911216,87.333336,0.192016
558,0.0035,2.7905,0.048538,101.666672,0.086484
559,0.0034,1.0605,1.289993,328.833344,0.08622
560,0.0041,1.164667,1.04671,223.166672,0.103118
561,0.0052,2.117667,1.046355,91.833336,0.129221
562,0.0044,0.356667,0.183793,327,0.110323
563,0.0028,2.652333,0.075624,151.833344,0.07106
564,0.0021,0.345667,0.236369,329.666687,0.05182
565,0.0043,0.708,0.071069,137.833344,0.107143
566,0.0033,1.944,1.224053,170.166672,0.083115
567,0.0031,0.483833,0.204476,251.5,0.076713
568,0.0058,0.526,0.334804,193.166672,0.146084
569,0.0029,1.834333,1.326728,259.666687,0.07201
570,0.0037,2.3295,0.807383,157.166672,0.093726
571,0.003,1.003833,1.166263,353.333344,0.075746
572,0.0034,-0.386167,1.885676,348.666687,0.085686
573,0.003,2.261,0.949983,169.5,0.074112
574,0.0026,2.6355,0.042931,161,0.064143
575,0.0059,2.313,1.133997,170.833344,0.147002
576,0.0038,1.2685,1.148626,202.833344,0.096021
577,0.0039,0.665333,0.062564,147.833344,0.097093
578,0.0037,2.822834,0.029769,84,0.091597
579,0.0044,2.699167,0.102431,126.166672,0.110189
580,0.0048,0.707833,0.975354,342.333344,0.119761
581,0.003,0.122167,0.212701,424.833344,0.073996
582,0.0066,0.571,0.271163,198.166672,0.163987
583,0.0039,1.928,1.260213,139,0.098119
584,0.0035,2.313667,0.989294,131,0.087572
585,0.0029,0.7155,0.953629,229.833344,0.073455
586,0.0038,2.445833,0.823344,95.833336,0.095878
587,0.0071,2.770167,0.058492,102.166672,0.176296
588,0.0078,1.2205,1.072446,173.333344,0.195198
589,0.0038,0.270333,0.250072,293.333344,0.094882
590,0.0038,0.619,0.967922,407.833344,0.095778
591,0.0041,1.273667,1.158059,192.666672,0.102277
592,0.0055,1.146667,1.1727,165.5,0.138218
593,0.0062,2.028167,1.19565,156.5,0.154338
594,0.0064,0.1625,0.347432,359.5,0.161044
595,0.0034,1.646,1.056003,171.833344,0.084611
596,0.0031,2.314,1.02658,126,0.077633
597,0.0058,1.740833,1.059142,101.166672,0.144811
598,0.0031,0.5855,0.238295,211.166672,0.078744
599,0.0046,0.724167,1.000341,294.5,0.115759
600,0.0042,1.282,1.132664,185.666672,0.106072
601,0.004,2.751167,0.073928,112.666672,0.100465
602,0.0051,1.39,1.024016,110.5,0.126751
603,0.0043,2.8265,0.029804,78.666672,0.108661
604,0.0049,2.057333,1.070074,106.5,0.122314
605,0.0051,1.532833,1.369948,242.166672,0.127888
606,0.0054,1.486333,1.0675,82.666672,0.134409
607,0.0043,0.842833,0.950958,197,0.108046
608,0.0019,0.819333,0.868105,191.166672,0.046597
609,0.0063,1.022,1.290496,344,0.157147
610,0.0034,1.791667,1.292892,286.333344,0.084484
611,0.0041,0.851833,0.995175,252.666672,0.103166
612,0.0042,0.572,0.238908,220.666672,0.106105
613,0.0053,1.847833,1.384054,246.333344,0.131704
614,0.0067,2.760167,0.080029,93,0.168028
615,0.0032,2.0385,1.024114,134.833344,0.08108
616,0.0069,0.675833,0.248544,110.333336,0.17271
617,0.021,1.856667,1.341132,175.333344,0.524651
618,0.0056,0.547667,0.215388,216.333344,0.139935
619,0.0064,0.980833,0.932532,113.666672,0.159858
620,0.0047,2.329834,1.080702,168.5,0.118621
621,0.0086,0.581833,0.270839,218.166672,0.214553
622,0.0075,0.8195,1.013699,174.166672,0.18805
623,0.0049,1.425667,1.471479,310.833344,0.121957
624,0.005,0.6625,0.930736,347.833344,0.124329
625,0.0054,2.348333,1.090501,172.166672,0.134259
626,0.0058,1.312833,1.149584,180.5,0.144116
627,0.0069,0.556667,0.094678,184.5,0.171665
628,0.0055,1.927333,1.223525,136.333344,0.137342
629,0.0045,2.342,1.086767,170.5,0.113155
630,0.0045,1.827,1.319931,267,0.113067
631,0.0041,2.7195,0.039017,124.5,0.103455
632,0.0057,0.6235,0.249971,185.666672,0.143536
633,0.0039,2.802167,0.047948,93.333336,0.096761
634,0.0047,0.553333,1.028759,389.333344,0.11791
635,0.0048,2.392,0.790241,121,0.120428
636,0.0089,2.779667,0.039144,87.833336,0.22135
637,0.0052,0.297833,0.261589,337.5,0.129686
638,0.0073,0.248167,0.301695,436.833344,0.183651
639,0.0053,1.816833,1.115293,82.333336,0.131817
640,0.0062,0.192,0.146738,411.333344,0.154325
641,0.0042,1.922833,1.199132,211,0.104934
642,0.0064,2.397667,0.828364,115,0.158902
643,0.0044,2.053833,1.035241,127,0.109106
644,0.0038,0.783333,1.031048,313,0.095984
645,0.0068,2.381333,0.743,131.833344,0.169161
646,0.0076,1.946167,1.18538,189.5,0.190899
647,0.0061,2.2565,1.045755,195.666672,0.153402
648,0.0079,1.583833,1.374017,226.666672,0.197822
649,0.0044,1.962667,1.212489,186.833344,0.108861
650,0.0212,2.3425,0.887185,116.833336,0.529662
651,0.0047,0.637667,0.255867,186.333344,0.117784
652,0.0062,1.0475,1.26733,324.5,0.155581
653,0.0113,2.739667,0.065841,101.5,0.282652
654,0.0049,2.74,0.084725,111.833336,0.121526
655,0.0093,0.409,0.315794,315.5,0.232091
656,0.0042,0.4995,0.293007,270.333344,0.105155
657,0.0061,1.587833,1.353131,227.166672,0.152176
658,0.0076,1.0385,1.415431,361.833344,0.188986
659,0.0085,1.573833,1.327189,174.666672,0.213678
660,0.0066,0.244833,0.199966,415,0.163865
661,0.0069,0.4635,0.372075,304.333344,0.173639
662,0.0047,1.625333,1.261256,195,0.116471
663,0.0056,1.076333,0.772027,118.666672,0.138765
664,0.0076,1.2185,1.21043,243.5,0.190796
665,0.0072,2.486667,0.814609,86.333336,0.17884
666,0.0076,1.590667,1.281052,116.333336,0.190764
667,0.0065,2.257667,1.045375,207.333344,0.163384
668,0.007,0.453833,1.317404,312.166687,0.175774
669,0.005,2.190167,1.022506,240.5,0.124676
670,0.0067,2.099,1.023376,101,0.166251
671,0.0098,2.475,0.787213,88.5,0.245593
672,0.005,1.967167,1.177545,184.5,0.124128
673,0.0049,1.1195,1.160099,286.833344,0.122229
674,0.0064,1.0895,2.145298,241.833344,0.159061
675,0.0142,0.659,0.267817,173.333344,0.35532
676,0.0077,2.809667,0.036126,85.333336,0.192175
677,0.0066,2.077833,0.932296,104.5,0.166082
678,0.0112,1.571667,1.214259,207.166672,0.279283
679,0.008,0.276833,0.341092,356,0.201107
680,0.013,1.108833,0.886718,64.666672,0.324459
681,0.0069,0.470167,0.329284,255.333344,0.172538
682,0.0055,0.274333,1.173763,411,0.138641
683,0.0076,0.736,0.302689,136.833344,0.189819
684,0.0084,-0.384333,1.627148,437,0.20957
685,0.0061,0.456833,0.363646,302.666687,0.152406
686,0.0058,2.1275,1.007643,84.166672,0.144006
687,0.0061,2.691,0.16502,121.5,0.15314
688,0.0111,2.806,0.070629,78.5,0.276496
689,0.0073,1.246333,1.22828,195.833344,0.182907
690,0.0055,2.766,0.077222,111.333336,0.136621
691,0.0077,1.018,0.906552,151,0.191518
692,0.007,0.704833,0.284723,155.5,0.173862
693,0.0078,1.258667,1.161609,203.666672,0.195931
694,0.006,0.920167,2.393995,205.833344,0.150166
695,0.0038,1.594833,1.210636,202.166672,0.094769
696,0.0067,1.557,1.365199,247.833344,0.166806
697,0.0041,2.382334,0.775408,129.166672,0.103195
698,0.0051,2.081334,1.067581,94.166672,0.128192
699,0.0063,2.768,0.03377,103.5,0.158558
700,0.0094,0.500167,0.344329,258.833344,0.236008
701,0.0079,0.192,0.197806,395.833344,0.198357
702,0.0047,2.312167,1.073175,180.833344,0.117818
703,0.0056,1.342167,1.158652,170.833344,0.140521
704,0.0051,2.106167,1.043642,107.5,0.127626
705,0.0113,2.792833,0.034324,94.666672,0.28173
706,0.0062,1.955833,2.030044,173,0.154516
707,0.0048,0.271333,0.327918,279.5,0.120522
708,0.0055,0.7015,1.037124,299,0.136961
709,0.0053,2.277167,1.116374,184.333344,0.132013
710,0.0052,0.648167,1.013633,391.833344,0.129253
711,0.0072,0.9545,0.890997,192.5,0.180713
712,0.0068,0.330833,0.319165,379.333344,0.168886
713,0.0056,1.169833,0.808255,72.333336,0.139256
714,0.0044,0.6165,0.244401,198,0.108772
715,0.0049,0.118,0.078095,385.833344,0.122689
716,0.0057,-0.377333,1.850486,410.666687,0.142035
717,0.0062,1.4815,1.065287,79.5,0.15486
718,0.0044,1.953,1.211637,136.166672,0.11041
719,0.006,0.506167,0.296306,271,0.150468
720,0.0038,0.554333,0.220134,234.166672,0.094774
721,0.0046,0.513333,0.211143,231.833344,0.114638
722,0.0066,2.3515,1.092029,163.166672,0.163898
723,0.0071,0.5545,0.222079,207.833344,0.176891
724,0.0079,0.562167,0.971709,315.5,0.197027
725,0.0056,1.610333,1.163998,204.166672,0.140227
726,0.004,2.395833,0.822504,127.333336,0.099878
727,0.008,2.413833,0.86798,107,0.199599
728,0.0069,0.540167,0.95226,420.5,0.17309
729,0.0072,0.615333,0.246222,188.666672,0.181082
730,0.0068,0.490833,0.298994,277.5,0.168875
731,0.0076,2.747,0.096121,126.333336,0.190053
732,0.0042,0.934,0.894087,195.166672,0.106064
733,0.0065,2.333333,1.083033,158,0.16321
734,0.0071,2.018667,1.24282,159.666672,0.176468
735,0.0108,2.294667,1.06746,197.666672,0.269719
736,0.0046,0.2865,0.250499,401.333344,0.115603
737,0.0103,1.408833,0.973418,108.166672,0.257671
738,0.0068,2.011167,1.225585,148.333344,0.169075
739,0.0093,2.0175,1.20233,150.5,0.231924
740,0.0061,1.658667,1.268315,175.833344,0.152627
741,0.005,1.788667,1.121125,97.666672,0.125161
742,0.0041,0.4695,0.286222,270,0.102275
743,0.0046,2.778667,0.070196,103.166672,0.114256
744,0.0082,2.180833,1.038271,70.833336,0.205703
745,0.0094,1.9835,1.190146,164.666672,0.233891
746,0.0072,0.209167,0.279281,400.666687,0.180187
747,0.0075,1.326167,1.094064,158.166672,0.188111
748,0.0045,0.310833,0.297199,223.833344,0.111872
749,0.0046,0.586333,0.226693,215.666672,0.115702
750,0.0083,2.768667,0.05294,76.333336,0.207429
751,0.0048,0.944167,0.882421,188,0.121014
752,0.0031,1.258833,1.150149,207.833344,0.078677
753,0.0044,1.6965,1.162435,126.666672,0.110668
754,0.0123,2.496333,0.82478,74.666672,0.306435
755,0.008,2.379833,1.105157,147,0.200278
756,0.0054,1.319833,1.116758,173.166672,0.134561
757,0.0076,0.585,0.234411,195.333344,0.189342
758,0.0052,2.003,1.148845,102.5,0.13048
759,0.0046,2.318333,1.074828,185.666672,0.115378
760,0.0093,0.822,0.95524,259,0.233526
761,0.0124,2.225833,1.030952,156.5,0.3094
762,0.0073,2.7735,0.084585,103.666672,0.183626
763,0.0068,0.304333,0.23753,366.666687,0.170672
764,0.0096,1.321333,1.202969,182.833344,0.24056
765,0.0109,1.071,1.288987,304.666687,0.271308
766,0.0054,2.363,1.098353,158.833344,0.133779
767,0.0063,0.463167,0.241102,281.166687,0.158714
768,0.0074,0.192333,0.230264,397.166687,0.185251
769,0.0049,0.760333,0.052538,125.5,0.123439
770,0.007,0.194167,0.712262,337.833344,0.17624
771,0.015,0.797167,1.032923,99.5,0.375801
772,0.0081,0.519333,0.243925,230.166672,0.203691
773,0.0037,0.557,0.203712,164.5,0.093461
774,0.0042,2.277333,1.056782,192.166672,0.105321
775,0.0089,2.385667,0.819108,125,0.223557
776,0.0062,2.828,0.048555,71.333336,0.155057
777,0.0067,2.807167,0.013703,86.5,0.167791
778,0.0068,0.135,0.387052,388,0.168821
779,0.0073,2.145667,1.072218,73.166672,0.183073
780,0.0073,0.519333,1.673624,176.333344,0.182524
781,0.0073,2.169,1.015011,78,0.183218
782,0.0049,1.364334,1.04438,143.666672,0.122598
783,0.0262,2.368333,1.00408,68.5,0.653892
784,0.0064,2.027833,1.154331,103.166672,0.159604
785,0.0066,-0.525167,2.220726,238.833344,0.165086
786,0.005,0.328333,0.201528,223.166672,0.125952
787,0.0096,2.785,0.064287,95,0.238915
788,0.0083,0.759,0.984517,322.5,0.207069
789,0.0103,0.613167,0.243639,183.833344,0.256872
790,0.0079,2.7255,0.068076,107.166672,0.198625
791,0.0059,2.423167,0.891258,105.166672,0.147536
792,0.0067,0.878833,0.698671,190,0.167436
793,0.0182,0.060333,0.941773,324.333344,0.455241
794,0.0107,0.622833,1.310314,263.166687,0.268143
795,0.0054,2.777334,0.04981,98,0.133969
796,0.0156,0.8825,0.873455,219.333344,0.390222
797,0.0077,1.626,1.21084,188,0.193696
798,0.0079,0.551333,0.383484,231.833344,0.196664
799,0.0113,0.400667,0.396934,245.166672,0.282061
800,0.0054,2.040667,1.020356,140.333344,0.134137
801,0.0046,0.616167,0.244932,189.833344,0.114673
802,0.0091,1.575167,1.318959,205.833344,0.22793
803,0.0059,0.279333,0.050855,92,0.147157
804,0.0061,2.448667,0.820162,99,0.152358
805,0.0049,1.251667,1.16732,216.333344,0.123235
806,0.0055,2.831833,0.041696,73.833336,0.136895
807,0.0063,2.698,0.070433,119.666672,0.157836
808,0.0054,0.860333,0.955495,256.833344,0.135472
809,0.0057,2.755,0.034676,120.333336,0.143248
810,0.0073,1.582833,1.175039,188,0.181437
811,0.0064,2.4845,0.866277,80.5,0.160601
812,0.0078,0.798833,0.074279,70.166672,0.195579
813,0.0053,0.3485,0.344752,254,0.13366
814,0.011,1.328,1.111271,109.333336,0.275789
815,0.008,0.3415,0.359397,320.333344,0.201053
816,0.0109,1.215667,1.253178,230.333344,0.273661
817,0.0081,1.564833,1.361398,238,0.203191
818,0.0069,0.580833,1.25977,280.166687,0.171679
819,0.0096,1.257333,1.194021,167.166672,0.240511
820,0.0058,2.767167,0.060625,88,0.143791
821,0.0064,2.333,1.081928,162.166672,0.160871
822,0.0125,0.7825,1.044244,259.666687,0.312749
823,0.0191,0.890167,0.833008,109.833336,0.477553
824,0.0042,1.856167,1.188242,231.833344,0.10415
825,0.005,1.521333,1.341578,199.833344,0.124101
826,0.0083,0.354167,0.254034,353.333344,0.207283
827,0.0075,0.190333,0.05472,237.166672,0.186635
828,0.0071,0.976,0.924405,186.5,0.177246
829,0.0074,2.185,0.917673,148.166672,0.184502
830,0.0043,2.069167,1.019346,112.333336,0.106383
831,0.0091,0.230833,1.322021,181.833344,0.228669
832,0.0078,0.789167,1.323969,143.5,0.194941
833,0.0073,2.456,0.80614,105,0.181741
834,0.0095,2.452833,0.793021,95.166672,0.237297
835,0.0069,1.0985,1.323351,122.166672,0.173636
836,0.0078,0.626,1.051218,198.166672,0.19608
837,0.0071,1.013833,0.925786,164.5,0.177325
838,0.0091,0.966167,0.862027,187.666672,0.228223
839,0.0087,0.376667,1.659907,162.5,0.217398
840,0.0072,0.533833,0.322738,250.666672,0.179
841,0.0069,0.638167,0.2545,212,0.172894
842,0.0096,0.48,0.285743,221.333344,0.239219
843,0.008,0.374667,0.238463,156.833344,0.200306
844,0.0083,0.306833,0.333756,387.166687,0.208482
845,0.0075,1.739167,1.177339,101,0.187788
846,0.0053,0.618167,0.312433,182.166672,0.133071
847,0.0062,0.9265,1.347258,279,0.155731
848,0.0098,0.6645,1.04907,379.666687,0.243859
849,0.0051,2.65,0.02352,159.833344,0.126394
850,0.0109,2.361667,1.096205,155.333344,0.271923
851,0.0067,1.110667,1.289254,313.833344,0.168457
852,0.0095,0.4445,1.19249,385.333344,0.237792
853,0.007,1.9135,1.385372,226.666672,0.173908
854,0.0051,0.7715,0.058487,103.666672,0.127899
855,0.0044,2.2855,1.05959,192.333344,0.109859
856,0.0046,1.306333,1.109424,196.5,0.113837
857,0.0124,2.311833,1.021465,129.666672,0.310062
858,0.0102,0.271667,0.245261,415.666687,0.254289
859,0.0062,0.973833,0.89636,193.333344,0.155829
860,0.0072,0.654,0.200358,148.666672,0.179467
861,0.0047,2.277667,1.056159,204.833344,0.117022
862,0.0083,2.342167,1.086983,165.833344,0.208305
863,0.0051,1.9445,1.186944,198.333344,0.127954
864,0.004,2.790833,0.032462,89.5,0.100601
865,0.0451,2.653667,0.1686,135.666672,1.128369
866,0.0065,0.205833,0.853511,232.5,0.163327
867,0.0044,1.976833,1.053787,144.833344,0.109929
868,0.0064,0.694,0.955348,138.5,0.160784
869,0.0059,2.3735,0.850439,143.166672,0.148095
870,0.0047,2.781833,0.062499,111.666672,0.116853
871,0.0065,1.2455,1.079114,235.833344,0.163391
872,0.0053,2.71,0.029482,126,0.132471
873,0.0059,0.779,0.048258,107.833336,0.146943
874,0.011,0.562,1.436393,306.666687,0.275901
875,0.0068,2.458667,0.825179,95.833336,0.171037
876,0.0085,0.522333,0.362437,246.166672,0.213226
877,0.0053,0.630167,0.184599,132.333344,0.13337
878,0.0198,0.7135,0.09511,120.666672,0.494709
879,0.0089,0.308833,0.284985,391.833344,0.222046
880,0.029,0.733,1.00955,96.666672,0.725198
881,0.0071,1.817,1.311417,271.666687,0.177887
882,0.0085,0.416,2.023008,159,0.213183
883,0.0083,1.047333,1.451509,224,0.208158
884,0.0061,0.455833,0.276712,287,0.153496
885,0.0084,1.923667,1.199976,191.5,0.210509
886,0.0042,2.047833,1.009932,127.833336,0.104967
887,0.0099,0.465833,0.35785,241.833344,0.246757
888,0.0076,2.355,1.092838,166.5,0.189788
889,0.0127,0.631833,1.049648,174.166672,0.316504
890,0.0054,1.766167,1.085099,101,0.135518
891,0.0065,0.013167,0.909337,309.5,0.162338
892,0.0087,0.7675,0.059688,101.833336,0.218281
893,0.0041,1.9355,1.081588,167.166672,0.102159
894,0.0081,2.7895,0.040874,97.166672,0.202805
895,0.0192,0.5085,0.300435,264.333344,0.480705
896,0.0096,0.7405,0.981998,233.833344,0.239464
897,0.004,1.4565,1.358701,153.666672,0.101196
898,0.0084,2.0125,1.206704,162.166672,0.210775
899,0.0063,1.160833,0.809111,83.666672,0.156252
900,0.0068,1.921833,1.206537,194.666672,0.170535
901,0.0083,2.054333,1.005264,112.666672,0.206984
902,0.015,0.907,0.926109,112.666672,0.376237
903,0.0057,1.637833,1.248232,191,0.141253
904,0.0063,0.690333,0.965856,209,0.157352
905,0.0072,1.305,1.103329,188.333344,0.179602
906,0.0046,0.708833,1.011016,241.666672,0.113793
907,0.0196,1.432667,1.41464,260.833344,0.490637
908,0.0099,1.900833,2.041856,169.333344,0.246894
909,0.0148,0.708167,1.021467,349.5,0.370065
910,0.0069,0.659667,0.274684,172.166672,0.171382
911,0.0092,1.266,1.175484,177.166672,0.230331
912,0.0079,-0.0495,0.91439,344.666687,0.196303
913,0.0087,0.3305,0.340522,317,0.218067
914,0.0091,1.937833,1.180614,167.333344,0.227385
915,0.0079,1.96,1.223406,176.333344,0.198716
916,0.0077,0.546667,0.261209,122.666672,0.191934
917,0.0114,0.846167,1.001313,201.833344,0.2857
918,0.0087,2.346,1.089122,165,0.217353
919,0.0078,2.726667,0.078995,83.5,0.19457
920,0.0051,0.9315,0.923907,206.5,0.12713
921,0.0079,-0.104667,1.095942,292.666687,0.197055
922,0.0092,1.437333,1.438773,308.833344,0.228935
923,0.0069,0.400167,0.647628,183,0.171585
924,0.0096,0.423667,0.236496,301,0.240212
925,0.0078,1.5265,1.265272,192.333344,0.195192
926,0.0108,0.219333,0.077058,181.833344,0.269762
927,0.0077,1.644667,1.239394,171.833344,0.191516
928,0.0086,0.6285,0.126761,155.833344,0.213953
929,0.0078,0.317833,0.283798,265.666687,0.195431
930,0.0051,1.596833,1.233564,190.5,0.127762
931,0.0071,2.332167,1.081734,171,0.1763
932,0.0082,1.173333,1.285508,162.166672,0.205665
933,0.0099,1.65,1.268846,237.666672,0.248745
934,0.0142,0.748833,1.016006,261,0.354343
935,0.0057,2.743334,0.04644,112.333336,0.141435
936,0.0104,2.350667,1.090673,164.666672,0.26083
937,0.0105,1.670167,1.285491,152.333344,0.262809
938,0.0083,1.21,1.236975,191.333344,0.206268
939,0.0068,1.0955,1.254496,189.5,0.170264
940,0.0064,1.7115,1.627494,148.5,0.160933
941,0.0098,0.415333,0.328169,271.166687,0.246063
942,0.0039,0.551667,0.331897,129.5,0.097298
943,0.0084,-0.057,0.945282,309.166687,0.209059
944,0.0068,1.8175,1.079832,81.166672,0.171125
945,0.0138,1.4625,1.056956,94.666672,0.3458
946,0.0449,1.189167,1.226655,258.166687,1.122069
947,0.0087,1.265167,1.747168,249.5,0.216259
948,0.0092,2.766834,0.061314,104.833336,0.230362
949,0.0053,0.7395,0.059537,110.5,0.13355
950,0.009,0.774,1.033953,311.666687,0.225456
951,0.0725,0.49,0.295485,269.5,1.811439
952,0.0067,0.382833,0.253258,312.333344,0.166315
953,0.0219,0.783833,1.084476,237.5,0.546469
954,0.0044,2.124667,1.028331,93.333336,0.11098
955,0.009,2.702167,0.092998,112.166672,0.224769
956,0.0066,2.018834,1.243142,100.833336,0.165083
957,0.0048,1.763667,1.053337,115.833336,0.11908
958,0.1371,0.502667,0.298465,296.333344,3.426553
959,0.0098,0.6055,0.248126,258,0.243877
960,0.0444,0.3045,0.306084,243,1.11045
961,0.0243,0.502167,0.256037,214.333344,0.606981
962,0.0126,2.403667,0.81315,107.166672,0.31447
963,0.0126,2.4575,0.812988,96,0.315467
964,0.0077,0.801167,0.033319,94.333336,0.192936
965,0.0083,2.3625,1.097501,158,0.206899
966,0.0053,2.415667,0.821015,117.5,0.13262
967,0.0129,0.088333,0.969351,278.833344,0.323302
968,0.0083,1.090333,0.802914,140.5,0.208418
969,0.0078,2.137333,1.03322,86.666672,0.195186
970,0.0084,1.783,1.122886,106.5,0.209215
971,0.0073,1.817,1.096884,87.666672,0.181606
972,0.0066,2.773667,0.031728,103,0.164777
973,0.0058,2.753834,0.041073,120,0.144896
974,0.0168,0.6275,0.31248,174.333344,0.420753
975,0.0332,0.516,0.35369,244.833344,0.828961
976,0.0123,1.863167,1.346569,178.333344,0.308381
977,0.0076,2.815166,0.027309,85.666672,0.189413
978,0.016,0.577,0.917904,367.333344,0.400226
979,0.0074,0.818,0.036959,89.833336,0.185815
980,0.0059,1.000167,1.300905,211.666672,0.147923
981,0.0065,2.801834,0.049544,90.333336,0.162092
982,0.0062,1.873833,1.404085,236.666672,0.156086
983,0.0125,1.5415,1.373759,294,0.312073
984,0.0052,0.754,0.060372,102.166672,0.130272
985,0.0086,0.750333,1.076293,173.333344,0.215909
986,0.0067,1.296,1.131915,188,0.166638
987,0.0077,-0.008167,1.204662,331.166687,0.192455
988,0.0038,2.658333,0.067663,155.333344,0.095894
989,0.011,1.177333,1.280596,170.833344,0.275086
990,0.0091,1.9405,2.069835,167.5,0.226398
991,0.0077,2.392167,0.862442,113.833336,0.19205
992,0.0084,0.415167,1.572168,275.333344,0.20961
993,0.0172,1.092833,0.845317,88.333336,0.429294
994,0.0534,0.408333,1.515892,306.166687,1.33419
995,0.0064,2.451667,0.790535,98,0.161065
996,0.0054,2.744834,0.054245,114.833336,0.135169
997,0.0074,2.410167,0.790245,109.333336,0.185721
998,0.007,0.426833,0.299517,277.833344,0.174798
999,0.0068,2.146167,1.029339,213.833344,0.168917
1000,0.0076,0.523167,0.231629,206.5,0.189436
1001,0.0195,1.509667,1.022636,113.5,0.488629
1002,0.0127,1.461167,1.319,274.833344,0.318048
1003,0.0083,1.7805,1.071755,92.666672,0.208462
1004,0.0109,0.994667,0.937679,176.833344,0.272202
1005,0.0529,0.754833,0.98987,314.666687,1.321844
1006,0.0074,2.778667,0.039717,103.166672,0.184727
1007,0.009,0.5705,1.372772,252,0.225004
1008,0.0086,0.261833,0.302033,252.666672,0.215564
1009,0.0088,1.269,1.124262,164,0.219922
1010,0.0061,1.497833,1.309932,269.333344,0.15173
1011,0.0074,1.266833,1.135878,132.5,0.184927
1012,0.004,2.809167,0.029116,82.5,0.100488
1013,0.0057,2.173667,1.005754,222.166672,0.143162
1014,0.0104,0.888833,0.990849,178.833344,0.259771
1015,0.0094,1.336833,1.219994,89,0.235033
1016,0.006,2.126,1.026743,92.666672,0.149466
1017,0.0052,0.945,2.80843,157,0.13013
1018,0.0061,1.6915,1.249887,96.5,0.153564
1019,0.011,0.010333,0.824954,380.166687,0.274545
1020,0.0043,2.724334,0.048426,129.833344,0.108159
1021,0.0112,0.333167,0.326332,333.833344,0.280498
1022,0.0068,2.839667,0.060517,73.5,0.17093
1023,0.0047,0.746167,0.048429,117.5,0.116268
1024,0.0057,1.264667,1.187091,184.5,0.142938
1025,0.092,1.845834,1.383118,250.666672,2.301203
1026,0.0111,0.307833,0.515459,305.666687,0.276819
1027,0.0057,2.290167,1.062083,190.5,0.141395
1028,0.02,1.293333,1.15925,188.833344,0.498895
1029,0.0041,1.7565,1.084736,132.333344,0.101598
1030,0.0071,0.7775,0.922397,299,0.178543
1031,0.009,0.592167,0.291168,196.333344,0.224512
1032,0.008,0.6515,0.258632,173,0.19974
1033,0.0102,1.430667,1.476728,304.833344,0.255317
1034,0.0069,1.118333,1.193425,328.333344,0.173524
1035,0.0065,0.844,0.041178,61.166668,0.161366
1036,0.0062,2.111333,1.034786,102,0.155464
1037,0.0076,0.520833,0.308866,252,0.19113
1038,0.0147,0.335833,0.327308,379.166687,0.366772
1039,0.0076,1.998833,1.20753,145.166672,0.189969
1040,0.007,0.510333,0.349632,279.333344,0.174525
1041,0.0066,1.7555,1.054728,115.5,0.164763
1042,0.014,-0.453333,1.891688,375.666687,0.350791
1043,0.0068,0.979667,0.856573,186,0.170707
1044,0.0106,1.128,1.199577,319.666687,0.263836
1045,0.0081,0.983,0.872863,180.666672,0.203353
1046,0.0193,1.861667,1.34541,252.5,0.482668
1047,0.0288,1.465667,1.468963,310.666687,0.720221
1048,0.0066,1.057,0.781112,106.666672,0.16607
1049,0.0064,1.742833,1.087072,120.666672,0.158925
1050,0.0083,1.021333,0.855085,191,0.208749
1051,0.0145,0.067833,0.809303,353.333344,0.361416
1052,0.0112,1.441667,1.275062,345,0.279227
1053,0.0082,0.622333,0.249153,190.666672,0.20498
1054,0.0265,0.925333,0.984385,226.333344,0.661931
1055,0.0296,1.238333,1.690135,318,0.740641
1056,0.0104,1.841667,1.112199,229.333344,0.260639
1057,0.0077,0.7185,0.082406,131.833344,0.192537
1058,0.0062,1.957333,1.237165,117,0.155491
1059,0.0443,0.687167,1.032724,313.333344,1.106704
1060,0.3452,0.795167,1.082553,368,8.631028
1061,0.0095,1.094667,1.263719,318.166687,0.238179
1062,0.0039,0.592833,0.233035,197.833344,0.098305
1063,0.0588,0.218667,0.336103,404.666687,1.469704
1064,0.0166,1.994167,1.220023,126.833336,0.414229
1065,0.0064,-0.0835,1.53813,276.666687,0.159853
1066,0.0042,2.4005,0.80728,128.833344,0.105908
1067,0.0079,0.832167,1.008221,255.666672,0.198042
1068,0.0099,0.869167,1.060578,372.833344,0.248254
1069,0.0088,1.695167,1.105088,138,0.220467
1070,0.0094,1.628333,1.21618,186.5,0.235695
1071,0.005,1.939333,1.169904,140.5,0.125937
1072,0.014,1.016667,0.926356,171.666672,0.351112
1073,0.0077,2.623167,0.522664,114.166672,0.191894
1074,0.0104,0.199833,0.116937,242.666672,0.258785
1075,0.0127,0.8585,1.080377,233,0.317798
1076,0.0835,0.942833,1.540908,180.833344,2.087475
1077,0.0076,0.760667,0.060049,103.5,0.189681
1078,0.0083,1.187167,1.144984,218.166672,0.207129
1079,0.0081,1.0445,1.354042,182.166672,0.203472
1080,0.0086,1.930667,1.168082,197,0.21457
1081,0.0102,2.839833,0.033421,73,0.255916
1082,0.0054,1.616833,1.215097,193.833344,0.134687
1083,0.3573,0.766667,1.042492,303.5,8.933217
1084,0.0068,2.254333,1.263909,111.833336,0.171028
1085,0.0083,0.601167,0.24536,194,0.208395
1086,0.0064,1.317667,1.14086,176.833344,0.15998
1087,0.0091,2.511,0.808953,55.333336,0.228528
1088,0.0063,2.239334,0.874483,135,0.156551
1089,0.0126,0.707833,1.027997,237.166672,0.316103
1090,0.0107,1.481167,1.335822,203.833344,0.266922
1091,0.0108,0.742833,0.94864,294.166687,0.270422
1092,0.0079,2.154,1.108303,131.166672,0.198214
1093,0.0059,1.385833,1.075927,131.333344,0.146735
1094,0.0108,1.958667,1.194765,183.833344,0.271195
1095,0.0061,2.028833,1.045414,137.166672,0.151739
1096,0.007,2.277333,1.118601,193,0.17465
1097,0.0054,2.359,0.855596,149.833344,0.135292
1098,0.0053,0.639,0.08684,162.5,0.1313
1099,0.0061,1.809833,1.261509,204.333344,0.152159
1100,0.0077,1.947333,1.229565,244.166672,0.192661
1101,0.0053,1.282333,1.135219,195.5,0.131388
1102,0.0231,0.322333,0.267094,271.166687,0.577502
1103,0.0079,0.946667,0.958017,158.833344,0.198594
1104,0.0075,1.282833,1.11713,182.5,0.186866
1105,0.0083,1.474167,1.244237,215.5,0.20686
1106,0.0085,1.0655,1.300142,325,0.212264
1107,0.0102,1.455333,1.507075,125.833336,0.254064
1108,0.0048,2.809167,0.023995,80.333336,0.120657
1109,0.0072,2.4725,0.784538,87.5,0.17965
1110,0.007,1.409833,1.072292,113,0.174905
1111,0.01,2.400333,1.114878,141.333344,0.250937
1112,0.0062,2.729,0.043063,125.5,0.154221
1113,0.0098,1.286167,1.035089,94.333336,0.244473
1114,0.0061,0.597333,0.29274,198.5,0.152244
1115,0.0073,1.99,1.225299,106.333336,0.183599
1116,0.0048,0.8125,1.015475,180,0.11878
1117,0.0063,0.815,0.916083,261.833344,0.157782
1118,0.0069,1.074,0.804146,108,0.173606
1119,0.0386,0.8675,1.002634,175.833344,0.964159
1120,0.0043,2.423667,0.833538,106.5,0.107924
1121,0.0077,1.3425,1.131289,170,0.192038
1122,0.0075,1.528667,1.102423,270,0.188141
1123,0.0059,2.768333,0.072776,107.333336,0.147515
1124,0.018,0.293833,0.363488,377.833344,0.450939
1125,0.0054,1.052333,0.842723,128.166672,0.134406
1126,0.0063,2.796,0.026199,95.5,0.157732
1127,0.1858,0.661,1.751524,301.5,4.644628
1128,0.0084,0.003667,1.15939,325.833344,0.20899
1129,0.0119,0.566167,0.443048,346,0.296271
1130,0.0134,2.251167,1.109711,162.166672,0.33538
1131,0.0084,2.083333,1.018845,102,0.208956
1132,0.0053,1.3445,0.969357,132.5,0.132899
1133,0.0201,0.300167,2.419058,388.666687,0.503507
1134,0.0101,1.543333,1.16614,219.833344,0.252997
1135,0.0061,0.945333,0.899126,185.833344,0.152709
1136,0.0257,2.171667,1.388017,141.833344,0.642685
1137,0.0061,1.7825,1.111221,159.333344,0.153466
1138,0.0953,0.673667,0.27161,103.5,2.381362
1139,0.0064,2.7885,0.061168,94.833336,0.15993
1140,0.0073,0.918833,1.004914,129.333344,0.182978
1141,0.0073,0.398167,0.264012,242.5,0.182998
1142,0.0108,0.616833,2.609056,296.333344,0.270207
1143,0.0102,1.491667,1.003361,80.333336,0.25467
1144,0.011,1.6725,1.024306,130,0.275558
1145,0.0151,1.3345,1.137386,167.666672,0.377402
1146,0.0087,2.059333,1.188088,116.5,0.217035
1147,0.0115,0.412833,0.368372,314,0.286735
1148,0.0055,0.916667,0.869944,204.833344,0.136778
1149,0.0076,1.824167,1.36754,253.166672,0.190513
1150,0.008,0.341833,0.242806,359.833344,0.200852
1151,0.0114,1.406833,1.074224,154,0.285279
1152,0.0092,0.427,1.694182,161,0.22954
1153,0.0053,2.770833,0.026574,98.666672,0.131105
1154,0.0062,2.484833,0.776952,86.833336,0.154271
1155,0.0051,0.591833,1.027405,210.166672,0.12681
1156,0.005,0.789667,0.009626,97,0.125486
1157,0.0067,1.209,1.120648,213.833344,0.167551
1158,0.0063,2.3575,1.093729,165.333344,0.158073
1159,0.0101,0.438833,0.344529,317,0.251928
1160,0.0041,0.646833,1.140333,273.5,0.103137
1161,0.0079,0.851,0.964437,246,0.196799
1162,0.0064,1.967167,1.204575,183.333344,0.158756
1163,0.0152,0.4775,0.27312,284.333344,0.379913
1164,0.0074,0.898833,1.381309,346.666687,0.186046
1165,0.0076,1.2025,1.29277,152.5,0.19108
1166,0.0197,2.168833,1.011952,69.333336,0.491733
1167,0.011,1.386667,1.49001,238.833344,0.274086
1168,0.0082,1.062,0.922307,145.666672,0.205067
1169,0.007,0.266833,0.244488,179.5,0.175935
1170,0.0162,0.312,0.292601,392.5,0.405518
1171,0.0054,1.939667,1.285824,114,0.13609
1172,0.0056,0.740833,0.883593,153.166672,0.140886
1173,0.0088,1.856167,1.121759,234.333344,0.219213
1174,0.0064,1.731,1.093881,116,0.159509
1175,0.005,2.753667,0.032091,117,0.123857
1176,0.0065,0.681833,0.057832,154.833344,0.161367
1177,0.0113,2.696,0.048233,115.833336,0.282864
1178,0.0097,1.682667,1.260734,154,0.243115
1179,0.0047,0.838333,0.858186,246.666672,0.117329
1180,0.0079,1.041833,1.287912,270,0.19629
1181,0.0068,0.367833,0.3201,279.333344,0.168795
1182,0.0787,1.072,1.304404,315.5,1.96807
1183,0.0582,0.877667,0.77526,298.333344,1.455461
1184,0.3458,0.506333,0.29815,265.166687,8.644436
1185,0.0045,2.325167,0.82328,154.166672,0.11372
1186,0.0047,2.7295,0.062542,125.5,0.116715
1187,0.0052,2.324833,0.823289,160.666672,0.129307
1188,0.0109,2.095167,1.038001,97,0.273609
1189,0.0068,2.838834,0.030954,80.333336,0.17107
1190,0.0066,2.0945,1.032922,100.5,0.16471
1191,0.0099,0.359167,0.305826,339.833344,0.247459
1192,0.0121,0.409833,0.369376,304.166687,0.302787
1193,0.0075,1.945167,1.441705,122.666672,0.187582
1194,0.0043,2.361333,0.785696,143.666672,0.107664
1195,0.0098,1.933,1.192585,197.333344,0.245089
1196,0.0067,2.004333,0.937576,139.5,0.168678
1197,0.0077,0.601667,0.305561,189.833344,0.19193
1198,0.0062,2.007833,1.254847,169.5,0.155255
1199,0.0077,1.856333,1.341359,247.333344,0.193303
1200,0.0688,0.5095,0.349979,253.666672,1.720793
1201,0.0039,2.648667,0.110127,151.166672,0.097377
1202,0.01,1.497,1.067893,73.333336,0.248848
1203,0.0063,1.773333,1.123049,100,0.156433
1204,0.0084,0.843333,0.080656,75,0.209172
1205,0.0062,2.799833,0.062069,96.833336,0.15416
1206,0.0057,2.303833,1.025949,117.666672,0.141665
1207,0.0071,2.807,0.038273,89.5,0.177222
1208,0.0075,0.650833,1.54109,164.833344,0.186568
1209,0.01,2.156667,0.990731,81.666672,0.250571
1210,0.0045,2.018833,1.009772,146.666672,0.112902
1211,0.0086,2.367834,0.822019,129.666672,0.215452
1212,0.0059,2.085167,1.008021,114.166672,0.14778
1213,0.0045,2.797333,0.071023,93.5,0.112319
1214,0.1612,0.0745,1.007687,445.5,4.028952
1215,0.0093,1.8155,1.656572,142.166672,0.233648
1216,0.0148,1.093667,1.252111,209.666672,0.36976
1217,0.0075,1.465667,1.369918,258.833344,0.186716
1218,0.0164,1.7685,1.112669,92.833336,0.410045
1219,0.0091,0.939667,0.841692,199,0.227695
1220,0.0075,0.933667,1.368904,351,0.187551
1221,0.0093,0.954167,0.856298,177.333344,0.231393
1222,0.0351,2.364833,1.098435,145.666672,0.878179
1223,0.0078,2.0185,1.279968,150,0.195809
1224,0.0231,0.935833,0.938018,133,0.577915
1225,0.0073,2.413333,0.917299,98,0.181532
1226,0.0067,1.8945,1.322324,119.666672,0.167447
1227,0.0081,1.3295,1.130918,176.166672,0.201673
1228,0.0124,0.271167,1.426741,216.833344,0.310707
1229,0.0055,0.9645,0.879297,144.666672,0.138604
1230,0.0094,0.317,0.624751,300.833344,0.233776
1231,0.0055,0.858167,0.041053,63.166668,0.138131
1232,0.0517,1.001667,1.310285,338.166687,1.291737
1233,0.0039,2.031167,1.076479,130.833344,0.097558
1234,0.0047,1.029333,0.846519,130.333344,0.118306
1235,0.0056,2.424333,0.795481,109,0.140853
1236,0.0076,1.448,1.07102,82.333336,0.190985
1237,0.0055,2.123833,1.013923,94.166672,0.137158
1238,0.0202,2.09,1.022057,91.666672,0.505024
1239,0.0044,2.374833,0.820615,129.333344,0.1109
1240,0.0086,2.8255,0.029194,82,0.213986
1241,0.007,2.811333,0.032904,83.666672,0.175411
1242,0.0064,0.936833,0.864107,206.166672,0.160268
1243,0.017,1.4635,0.928879,75,0.425332
1244,0.0089,0.625167,0.252234,173.166672,0.221596
1245,0.0049,2.6695,0.094125,127.833336,0.121842
1246,0.0106,1.25,1.209029,171.166672,0.264912
1247,0.0088,0.646167,0.265169,160.333344,0.220037
1248,0.0672,1.111,0.85009,91.666672,1.680677
1249,0.0069,2.411667,0.81073,114.666672,0.17371
1250,0.0097,1.302,1.167994,182,0.241351
1251,0.0125,0.485667,0.284724,275.666687,0.311987
1252,0.0097,0.719667,0.295279,145.666672,0.242945
1253,0.0125,0.5655,0.344002,226.166672,0.31287
1254,0.0069,2.338167,1.084514,179,0.172025
1255,0.0048,1.709167,1.066296,130.5,0.119956
1256,0.0032,2.718667,0.060135,123.333336,0.079986
1257,0.007,1.030833,0.900924,101.833336,0.175557
1258,0.0139,0.810833,0.041043,74.666672,0.347848
1259,0.0071,2.303667,1.068172,186.333344,0.17635
1260,0.0086,2.105167,1.0385,100.166672,0.214159
1261,0.0077,0.984833,0.872034,171.166672,0.191517
1262,0.0072,2.427167,0.883735,128,0.179446
1263,0.0056,1.010667,1.278572,216,0.140206
1264,0.0422,2.358667,1.094744,151.666672,1.054911
1265,0.0221,1.625667,1.120736,206.333344,0.552922
1266,0.0088,0.529333,0.314815,248.833344,0.220248
1267,0.0053,2.562167,0.388412,139.5,0.133088
1268,0.009,2.12,1.019671,96,0.224284
1269,0.0098,0.082333,2.050307,273.833344,0.244254
1270,0.0181,2.823833,0.077236,61.833336,0.451513
1271,0.0115,0.250167,0.342585,326.333344,0.287894
1272,0.0069,2.6485,0.265883,131.666672,0.172464
1273,0.0069,0.4995,0.272267,201.5,0.172152
1274,0.0161,-0.001667,0.525606,366.166687,0.402894
1275,0.0062,1.439333,1.039062,106.833336,0.15601
1276,0.0119,2.389,0.813992,95.666672,0.298697
1277,0.0102,1.517167,1.370992,250.166672,0.255211
1278,0.0128,1.937333,1.234704,185.5,0.320663
1279,0.0073,0.914,0.876726,216,0.181298
1280,0.0201,1.849167,1.167259,221.5,0.503698
1281,0.0149,0.700667,1.185212,242.166672,0.371628
1282,0.0116,0.839167,0.99117,226.833344,0.290467
1283,0.007,1.830167,1.085333,78.5,0.175635
1284,0.0123,1.657167,1.939185,146.333344,0.306607
1285,0.005,2.771,0.054984,106,0.126279
1286,0.0068,1.806167,1.120099,90.333336,0.169965
1287,0.0064,1.727,1.235595,89.5,0.15971
1288,0.0138,1.4445,1.654556,265.666687,0.345297
1289,0.0143,0.7975,1.028246,280.5,0.358316
1290,0.0061,1.756,1.09416,103.833336,0.153303
1291,0.0066,0.623333,0.244608,219,0.164459
1292,0.0107,1.9205,1.39092,159.166672,0.266792
1293,0.0061,0.621167,0.243957,196.833344,0.152841
1294,0.0131,1.052167,1.334203,316.833344,0.326444
1295,0.0053,1.276667,1.152727,149.333344,0.13261
1296,0.0443,0.821167,1.583174,267.666687,1.106779
1297,0.0099,0.723167,0.935404,278.833344,0.248406
1298,0.01,2.731333,0.054471,122.833336,0.250506
1299,0.0078,0.520667,0.310466,257.5,0.194014
1300,0.0103,2.179667,1.120405,177.166672,0.256398
1301,0.0057,1.177333,1.137539,224,0.142107
1302,0.006,0.8995,0.955401,179.5,0.148991
1303,0.0058,2.7775,0.031684,105,0.14588
1304,0.004,2.815333,0.083296,82.833336,0.100373
1305,0.0094,1.915667,1.307353,169.666672,0.234127
1306,0.0078,0.414,0.224613,306.166687,0.195662
1307,0.0091,0.483,0.283911,260.333344,0.227218
1308,0.0105,0.574333,0.348484,218.666672,0.261369
1309,0.0082,1.878667,1.3584,239.166672,0.20597
1310,0.0105,0.728667,1.05112,338.166687,0.262201
1311,0.0059,1.736167,1.079275,114,0.1476
1312,0.0063,0.967833,0.9339,182.333344,0.158122
1313,0.0128,0.3525,0.329942,279.5,0.320084
1314,0.0079,0.835333,0.977425,243.166672,0.197246
1315,0.0066,1.318667,1.103296,175.333344,0.165094
1316,0.023,0.8205,0.983454,253.333344,0.574498
1317,0.0099,0.3005,0.27888,330.166687,0.248473
1318,0.0107,1.702333,1.122173,179.5,0.266996
1319,0.0104,0.375333,0.323375,231.5,0.261145